<?xml version="1.0" encoding="UTF-8" standalone="yes"?>
<addon id="iofault-repo" name="IOFault Repository" version="1.0.0" provider-name="d21spike">
    <extension point="xbmc.addon.repository" name="IOFault Repository">
        <info compressed="false"></info>
        <checksum></checksum>
        <datadir zip="true"></datadir>
    </extension>
    <extension point="xbmc.addon.metadata">
        <summary lang="en_GB">IOFault Repository</summary>
        <description lang="en_GB">A person repository of Kodi addons by d21spike</description>
        <platform>all</platform>
        <source></source>
        <assets>
            <icon>icon.png</icon>
        </assets>
    </extension>
</addon>