<?xml version="1.0" encoding="UTF-8" standalone="yes"?>
<addon id="iofault-repo" name="IOFault Repository" version="1.0.0" provider-name="d21spike">
    <extension point="xbmc.addon.repository" name="IOFault Repository">
        <info compressed="false">https://raw.githubusercontent.com/d21spike/IOFault-Repo/master/addons/addons.xml</info>
        <checksum>https://raw.githubusercontent.com/d21spike/IOFault-Repo/master/addons/addons.xml.md5</checksum>
        <datadir zip="true">https://github.com/d21spike/IOFault-Repo/tree/master/addons</datadir>
    </extension>
    <extension point="xbmc.addon.metadata">
        <summary lang="en_GB">IOFault Repository</summary>
        <description lang="en_GB">A personal repository of Kodi add-ons.</description>
        <platform>all</platform>
        <source>https://github.com/d21spike/IOFault-Repo/tree/master/addons</source>
        <assets>
            <icon>icon.png</icon>
        </assets>
    </extension>
</addon>
