<?xml version="1.0" encoding="UTF-8"?>
<addon id="script.sling_guide" version="2021.4.12.1" name="Sling Guide" provider-name="IOFault">
    <requires>
        <import addon="xbmc.python" version="2.26.0"/>
        <import addon="script.module.requests"/>
        <import addon="plugin.video.sling"/>
        <import addon="script.module.xmltodict"/>
        <import addon="script.module.kodi-six"/>
    </requires>
    <extension point="xbmc.python.script" library="default.py"/>
    <extension point="xbmc.addon.metadata">
        <description lang="en_GB">Sling TV Guide Add-On.</description>
        <platform>all</platform>
        <license>GNU GENERAL PUBLIC LICENSE. Version 3, June 2007</license>
        <source></source>
        <website>https://www.Slingtv.com</website>
        <news> </news>
        <forum></forum>
        <assets>
            <icon>resources/images/icon.png</icon>
            <fanart>resources/images/fanart.png</fanart>
            <screenshot>resources/images/screenshot01.png</screenshot>
            <screenshot>resources/images/screenshot02.png</screenshot>
            <screenshot>resources/images/screenshot03.png</screenshot>
            <screenshot>resources/images/screenshot04.png</screenshot>
            <screenshot>resources/images/screenshot05.png</screenshot>
        </assets>
    </extension>
</addon>
