<?xml version="1.0" encoding="UTF-8"?>
<addon id="plugin.video.sling" version="2021.5.3.2" name="Sling" provider-name="d21spike, eracknaphobia">
    <requires>
        <import addon="xbmc.python" version="2.26.0"/>
        <import addon="script.module.requests" version="2.7.0"/>
        <import addon="script.module.inputstreamhelper" version="0.3.3"/>
        <import addon="script.module.requests_oauthlib" version="0.7.0"/>
        <import addon="script.module.xmltodict" version="0.11.0"/>
        <import addon="script.module.pytz" version="2014.2"/>
    </requires>
    <extension point="xbmc.python.pluginsource" library="default.py">
        <provides>video</provides>
    </extension>
    <extension point="xbmc.service" library="service.py" start="startup" />
    <extension point="xbmc.addon.metadata">
        <description lang="en_GB">A database driven SlingTV Kodi add-on. Providing many of the offered features/services you've come to expect from the official SlingTV interface. Choose anything from Live Channels, to On Demand, to binge watching shows. It's all there.</description>
        <platform>all</platform>
        <license>GNU GENERAL PUBLIC LICENSE. Version 3, June 2007</license>
        <source>https://github.com/d21spike/plugin.video.sling</source>
        <website>https://www.Slingtv.com</website>
        <news> </news>
        <forum>https://forum.kodi.tv/showthread.php?tid=351048</forum>
        <assets>
            <icon>resources/images/icon.png</icon>
            <fanart>resources/images/fanart.png</fanart>
            <screenshot>resources/images/screenshot01.png</screenshot>
            <screenshot>resources/images/screenshot02.png</screenshot>
            <screenshot>resources/images/screenshot03.png</screenshot>
            <screenshot>resources/images/screenshot04.png</screenshot>
            <screenshot>resources/images/screenshot05.png</screenshot>
        </assets>
    </extension>
</addon>
